Overs,Mdns,Runs,Wkts,Econ,Ave,SR,Opposition,Ground,Start Date
10.0,0,38,2,3.80,19.00,30.0,vAfghanistan,Abu Dhabi,21 Sep 2018
6.0,0,42,0,7.00,-,-,vIndia,Dubai (DICS),23 Sep 2018
10.0,1,47,2,4.70,23.50,30.0,vBangladesh,Abu Dhabi,26 Sep 2018
8.0,1,46,4,5.75,11.50,12.0,vNew Zealand,Abu Dhabi,7 Nov 2018
9.0,1,38,4,4.22,9.50,13.5,vNew Zealand,Abu Dhabi,9 Nov 2018
3.5,0,18,1,4.69,18.00,23.0,vNew Zealand,Dubai (DICS),11 Nov 2018
9.0,0,44,3,4.88,14.66,18.0,vSouth Africa,Durban,22 Jan 2019
6.0,0,37,0,6.16,-,-,vSouth Africa,Centurion,25 Jan 2019
8.0,1,24,2,3.00,12.00,24.0,vSouth Africa,Johannesburg,27 Jan 2019
7.0,0,34,1,4.85,34.00,42.0,vSouth Africa,Cape Town,30 Jan 2019
10.0,0,80,1,8.00,80.00,60.0,vEngland,Southampton,11 May 2019
10.0,0,83,0,8.30,-,-,vEngland,Bristol,14 May 2019
10.0,0,82,4,8.20,20.50,15.0,vEngland,Leeds,19 May 2019
10.0,0,70,2,7.00,35.00,30.0,vAustralia,Taunton,12 Jun 2019
8.0,0,54,1,6.75,54.00,48.0,vSouth Africa,Lord's,23 Jun 2019
10.0,3,28,3,2.80,9.33,20.0,vNew Zealand,Birmingham,26 Jun 2019
10.0,0,47,4,4.70,11.75,15.0,vAfghanistan,Leeds,29 Jun 2019
9.1,0,35,6,3.81,5.83,9.1,vBangladesh,Lord's,5 Jul 2019
10.0,0,49,5,4.90,9.80,12.0,vZimbabwe,Rawalpindi,30 Oct 2020
10.0,1,36,0,3.60,-,-,vZimbabwe,Rawalpindi,1 Nov 2020
10.0,1,42,0,4.20,-,-,vZimbabwe,Rawalpindi,3 Nov 2020
10.0,1,61,2,6.10,30.50,30.0,vSouth Africa,Centurion,2 Apr 2021
10.0,1,75,1,7.50,75.00,60.0,vSouth Africa,Johannesburg,4 Apr 2021
9.3,0,58,3,6.10,19.33,19.0,vSouth Africa,Centurion,7 Apr 2021
5.0,0,22,1,4.40,22.00,30.0,vEngland,Cardiff,8 Jul 2021
8.0,0,37,1,4.62,37.00,48.0,vEngland,Lord's,10 Jul 2021
10.0,0,78,0,7.80,-,-,vEngland,Birmingham,13 Jul 2021
10.0,0,63,4,6.30,15.75,15.0,vAustralia,Lahore,31 Mar 2022
8.0,2,40,2,5.00,20.00,24.0,vAustralia,Lahore,2 Apr 2022
10.0,1,55,2,5.50,27.50,30.0,vWest Indies,Multan,8 Jun 2022
4.0,1,17,1,4.25,17.00,24.0,vWest Indies,Multan,10 Jun 2022
10.0,0,63,2,6.30,31.50,30.0,vNew Zealand,Rawalpindi,27 Apr 2023
9.0,0,53,2,5.88,26.50,27.0,vNew Zealand,Karachi,3 May 2023
6.0,1,34,1,5.66,34.00,36.0,vNew Zealand,Karachi,5 May 2023
10.0,0,46,3,4.60,15.33,20.0,vNew Zealand,Karachi,7 May 2023
4.0,2,9,2,2.25,4.50,12.0,vAfghanistan,Hambantota,22 Aug 2023
10.0,0,58,2,5.80,29.00,30.0,vAfghanistan,Hambantota,24 Aug 2023
9.4,0,31,2,3.20,15.50,29.0,vAfghanistan,Colombo (RPS),26 Aug 2023
5.0,0,27,2,5.40,13.50,15.0,vNepal,Multan,30 Aug 2023
10.0,2,35,4,3.50,8.75,15.0,vIndia,Pallekele,2 Sep 2023
7.0,1,42,1,6.00,42.00,42.0,vBangladesh,Lahore,6 Sep 2023
10.0,0,79,1,7.90,79.00,60.0,vIndia,Colombo (RPS),10 Sep 2023
9.0,0,52,2,5.77,26.00,27.0,vSri Lanka,Colombo (RPS),14 Sep 2023
7.0,0,37,1,5.28,37.00,42.0,vNetherlands,Hyderabad,6 Oct 2023
9.0,0,66,1,7.33,66.00,54.0,vSri Lanka,Hyderabad,10 Oct 2023
6.0,0,36,2,6.00,18.00,18.0,vIndia,Ahmedabad,14 Oct 2023
10.0,1,54,5,5.40,10.80,12.0,vAustralia,Bengaluru,20 Oct 2023
10.0,0,58,1,5.80,58.00,60.0,vAfghanistan,Chennai,23 Oct 2023
10.0,0,45,3,4.50,15.00,20.0,vSouth Africa,Chennai,27 Oct 2023
9.0,1,23,3,2.55,7.66,18.0,vBangladesh,Eden Gardens,31 Oct 2023
10.0,0,90,0,9.00,-,-,vNew Zealand,Bengaluru,4 Nov 2023
10.0,1,72,2,7.20,36.00,30.0,vEngland,Eden Gardens,11 Nov 2023
