Bat1,Runs,BF,SR,4s,6s,Opposition,Ground,Start Date
15*,15,11,136.36,2,0,vEngland,Manchester,7 Sep 2016
55*,55,37,148.64,6,2,vWest Indies,Dubai (DICS),23 Sep 2016
19,19,18,105.55,2,0,vWest Indies,Dubai (DICS),24 Sep 2016
27*,27,24,112.50,1,0,vWest Indies,Abu Dhabi,27 Sep 2016
29,29,30,96.66,3,0,vWest Indies,Bridgetown,26 Mar 2017
27,27,28,96.42,4,0,vWest Indies,Port of Spain,30 Mar 2017
43,43,38,113.15,3,1,vWest Indies,Port of Spain,1 Apr 2017
38,38,36,105.55,1,1,vWest Indies,Port of Spain,2 Apr 2017
86,86,52,165.38,10,2,vWorld-XI,Lahore,12 Sep 2017
45,45,38,118.42,5,0,vWorld-XI,Lahore,13 Sep 2017
48,48,31,154.83,5,0,vWorld-XI,Lahore,15 Sep 2017
1,1,8,12.50,0,0,vSri Lanka,Abu Dhabi,26 Oct 2017
1,1,2,50.00,0,0,vSri Lanka,Abu Dhabi,27 Oct 2017
34*,34,31,109.67,2,0,vSri Lanka,Lahore,29 Oct 2017
41,41,41,100.00,1,1,vNew Zealand,Wellington,22 Jan 2018
50*,50,29,172.41,5,1,vNew Zealand,Auckland,25 Jan 2018
18,18,17,105.88,1,0,vNew Zealand,Mount Maunganui,28 Jan 2018
17,17,13,130.76,3,0,vWest Indies,Karachi,1 Apr 2018
97*,97,58,167.24,13,1,vWest Indies,Karachi,2 Apr 2018
51,51,40,127.50,6,0,vWest Indies,Karachi,3 Apr 2018
68*,68,55,123.63,5,1,vAustralia,Abu Dhabi,24 Oct 2018
45,45,44,102.27,3,0,vAustralia,Dubai (DICS),26 Oct 2018
50,50,40,125.00,5,1,vAustralia,Dubai (DICS),28 Oct 2018
7,7,9,77.77,1,0,vNew Zealand,Abu Dhabi,31 Oct 2018
40,40,41,97.56,4,0,vNew Zealand,Dubai (DICS),2 Nov 2018
79,79,58,136.20,7,2,vNew Zealand,Dubai (DICS),4 Nov 2018
38,38,27,140.74,3,1,vSouth Africa,Cape Town,1 Feb 2019
90,90,58,155.17,13,1,vSouth Africa,Johannesburg,3 Feb 2019
23,23,11,209.09,5,0,vSouth Africa,Centurion,6 Feb 2019
65,65,42,154.76,5,3,vEngland,Cardiff,5 May 2019
13,13,10,130.00,2,0,vSri Lanka,Lahore,5 Oct 2019
3,3,10,30.00,0,0,vSri Lanka,Lahore,7 Oct 2019
27,27,32,84.37,1,0,vSri Lanka,Lahore,9 Oct 2019
59*,59,38,155.26,5,2,vAustralia,Sydney,3 Nov 2019
50,50,38,131.57,6,0,vAustralia,Canberra,5 Nov 2019
6,6,7,85.71,1,0,vAustralia,Perth,8 Nov 2019
0,0,2,0.00,0,0,vBangladesh,Lahore,24 Jan 2020
66*,66,44,150.00,7,1,vBangladesh,Lahore,25 Jan 2020
56,56,44,127.27,7,0,vEngland,Manchester,30 Aug 2020
21,21,18,116.66,3,0,vEngland,Manchester,1 Sep 2020
82,82,55,149.09,9,1,vZimbabwe,Rawalpindi,7 Nov 2020
51,51,28,182.14,8,1,vZimbabwe,Rawalpindi,8 Nov 2020
0,0,1,0.00,0,0,vSouth Africa,Lahore,11 Feb 2021
5,5,4,125.00,1,0,vSouth Africa,Lahore,13 Feb 2021
44,44,30,146.66,5,1,vSouth Africa,Lahore,14 Feb 2021
14,14,14,100.00,3,0,vSouth Africa,Johannesburg,10 Apr 2021
50,50,50,100.00,5,0,vSouth Africa,Johannesburg,12 Apr 2021
122,122,59,206.77,15,4,vSouth Africa,Centurion,14 Apr 2021
24,24,23,104.34,3,0,vSouth Africa,Centurion,16 Apr 2021
2,2,4,50.00,0,0,vZimbabwe,Harare,21 Apr 2021
41,41,45,91.11,5,0,vZimbabwe,Harare,23 Apr 2021
52,52,46,113.04,5,0,vZimbabwe,Harare,25 Apr 2021
85,85,49,173.46,8,3,vEngland,Nottingham,16 Jul 2021
22,22,16,137.50,3,0,vEngland,Leeds,18 Jul 2021
11,11,13,84.61,1,0,vEngland,Manchester,20 Jul 2021
51,51,40,127.50,4,2,vWest Indies,Providence,31 Jul 2021
68*,68,52,130.76,6,2,vIndia,Dubai (DICS),24 Oct 2021
9,9,11,81.81,1,0,vNew Zealand,Sharjah,26 Oct 2021
51,51,47,108.51,4,0,vAfghanistan,Dubai (DICS),29 Oct 2021
70,70,49,142.85,7,0,vNamibia,Abu Dhabi,2 Nov 2021
66,66,47,140.42,5,3,vScotland,Sharjah,7 Nov 2021
39,39,34,114.70,5,0,vAustralia,Dubai (DICS),11 Nov 2021
7,7,10,70.00,1,0,vBangladesh,Mirpur,19 Nov 2021
1,1,5,20.00,0,0,vBangladesh,Mirpur,20 Nov 2021
19,19,25,76.00,2,0,vBangladesh,Mirpur,22 Nov 2021
0,0,2,0.00,0,0,vWest Indies,Karachi,13 Dec 2021
7,7,7,100.00,1,0,vWest Indies,Karachi,14 Dec 2021
79,79,53,149.05,9,2,vWest Indies,Karachi,16 Dec 2021
66,66,46,143.47,6,2,vAustralia,Lahore,5 Apr 2022
10,10,9,111.11,2,0,vIndia,Dubai (DICS),28 Aug 2022
9,9,8,112.50,1,0,vHong Kong,Sharjah,2 Sep 2022
14,14,10,140.00,2,0,vIndia,Dubai (DICS),4 Sep 2022
0,0,1,0.00,0,0,vAfghanistan,Sharjah,7 Sep 2022
30,30,29,103.44,2,0,vSri Lanka,Dubai (DICS),9 Sep 2022
5,5,6,83.33,0,0,vSri Lanka,Dubai (DICS),11 Sep 2022
31,31,24,129.16,3,0,vEngland,Karachi,20 Sep 2022
110*,110,66,166.66,11,5,vEngland,Karachi,22 Sep 2022
8,8,6,133.33,1,0,vEngland,Karachi,23 Sep 2022
36,36,28,128.57,3,0,vEngland,Karachi,25 Sep 2022
9,9,12,75.00,1,0,vEngland,Lahore,28 Sep 2022
87*,87,59,147.45,7,3,vEngland,Lahore,30 Sep 2022
4,4,4,100.00,1,0,vEngland,Lahore,2 Oct 2022
22,22,25,88.00,4,0,vBangladesh,Christchurch,7 Oct 2022
79*,79,53,149.05,11,0,vNew Zealand,Christchurch,8 Oct 2022
21,21,23,91.30,3,0,vNew Zealand,Christchurch,11 Oct 2022
55,55,40,137.50,9,0,vBangladesh,Christchurch,13 Oct 2022
15,15,14,107.14,3,0,vNew Zealand,Christchurch,14 Oct 2022
0,0,1,0.00,0,0,vIndia,Melbourne,23 Oct 2022
4,4,9,44.44,1,0,vZimbabwe,Perth,27 Oct 2022
4,4,5,80.00,1,0,vNetherlands,Perth,30 Oct 2022
6,6,15,40.00,0,0,vSouth Africa,Sydney,3 Nov 2022
25,25,33,75.75,2,0,vBangladesh,Adelaide,6 Nov 2022
53,53,42,126.19,7,0,vNew Zealand,Sydney,9 Nov 2022
32,32,28,114.28,2,0,vEngland,Melbourne,13 Nov 2022
9,9,7,128.57,2,0,vNew Zealand,Lahore,14 Apr 2023
101*,101,58,174.13,11,3,vNew Zealand,Lahore,15 Apr 2023
1,1,6,16.66,0,0,vNew Zealand,Lahore,17 Apr 2023
19,19,18,105.55,3,0,vNew Zealand,Rawalpindi,24 Apr 2023
57,57,35,162.85,6,2,vNew Zealand,Auckland,12 Jan 2024
66,66,43,153.48,7,2,vNew Zealand,Hamilton,14 Jan 2024
58,58,37,156.75,8,1,vNew Zealand,Dunedin,17 Jan 2024
19,19,11,172.72,2,1,vNew Zealand,Christchurch,19 Jan 2024
13,13,24,54.16,1,0,vNew Zealand,Christchurch,21 Jan 2024
14,14,13,107.69,3,0,vNew Zealand,Rawalpindi,20 Apr 2024
37,37,29,127.58,4,1,vNew Zealand,Rawalpindi,21 Apr 2024
5,5,4,125.00,1,0,vNew Zealand,Lahore,25 Apr 2024
69,69,44,156.81,6,2,vNew Zealand,Lahore,27 Apr 2024
57,57,43,132.55,8,1,vIreland,Dublin,10 May 2024
0,0,4,0.00,0,0,vIreland,Dublin,12 May 2024
75,75,42,178.57,6,5,vIreland,Dublin,14 May 2024
32,32,26,123.07,4,0,vEngland,Birmingham,25 May 2024
36,36,22,163.63,5,1,vEngland,The Oval,30 May 2024
44,44,43,102.32,3,2,vU.S.A.,Dallas,6 Jun 2024
13,13,10,130.00,2,0,vIndia,New York,9 Jun 2024
33,33,33,100.00,1,1,vCanada,New York,11 Jun 2024
32*,32,34,94.11,2,0,vIreland,Lauderhill,16 Jun 2024
