Bat1,Runs,BF,SR,4s,6s,,Opposition,Ground,Start Date,
54,54,60,90.00,4,0,,vZimbabwe,Lahore,31 May 2015,ODI # 3653
25,25,30,83.33,3,0,,vSri Lanka,Dambulla,11 Jul 2015,ODI # 3664
12,12,19,63.15,1,0,,vSri Lanka,Pallekele,15 Jul 2015,ODI # 3669
62*,62,62,100.00,2,4,,vEngland,Abu Dhabi,11 Nov 2015,ODI # 3707
4,4,6,66.66,0,0,,vEngland,Abu Dhabi,13 Nov 2015,ODI # 3708
22,22,30,73.33,2,0,,vEngland,Sharjah,17 Nov 2015,ODI # 3710
51,51,51,100.00,5,1,,vEngland,Dubai (DICS),20 Nov 2015,ODI # 3712
62,62,76,81.57,6,0,,vNew Zealand,Wellington,25 Jan 2016,ODI # 3728
83,83,77,107.79,10,1,,vNew Zealand,Auckland,31 Jan 2016,ODI # 3730
29,29,29,100.00,2,0,,vIreland,Dublin (Malahide),18 Aug 2016,ODI # 3767
40,40,42,95.23,4,0,,vEngland,Southampton,24 Aug 2016,ODI # 3770
30,30,33,90.90,5,0,,vEngland,Lord's,27 Aug 2016,ODI # 3771
9,9,19,47.36,0,0,,vEngland,Nottingham,30 Aug 2016,ODI # 3773
12,12,21,57.14,0,0,,vEngland,Leeds,1 Sep 2016,ODI # 3775
31,31,29,106.89,6,0,,vEngland,Cardiff,4 Sep 2016,ODI # 3777
120,120,131,91.60,8,3,,vWest Indies,Sharjah,30 Sep 2016,ODI # 3784
123,123,126,97.61,9,1,,vWest Indies,Sharjah,2 Oct 2016,ODI # 3788
117,117,106,110.37,8,1,,vWest Indies,Abu Dhabi,5 Oct 2016,ODI # 3789
33,33,46,71.73,3,0,,vAustralia,Brisbane,13 Jan 2017,ODI # 3817
34,34,49,69.38,5,0,,vAustralia,Melbourne,15 Jan 2017,ODI # 3818
84,84,100,84.00,4,1,,vAustralia,Perth,19 Jan 2017,ODI # 3820
31,31,39,79.48,4,0,,vAustralia,Sydney,22 Jan 2017,ODI # 3822
100,100,109,91.74,7,1,,vAustralia,Adelaide,26 Jan 2017,ODI # 3826
13,13,21,61.90,0,0,,vWest Indies,Providence,7 Apr 2017,ODI # 3861
125*,125,132,94.69,7,3,,vWest Indies,Providence,9 Apr 2017,ODI # 3862
16,16,22,72.72,3,0,,vWest Indies,Providence,11 Apr 2017,ODI # 3863
8,8,12,66.66,1,0,,vIndia,Birmingham,4 Jun 2017,ODI # 3878
31*,31,51,60.78,4,0,,vSouth Africa,Birmingham,7 Jun 2017,ODI # 3881
10,10,18,55.55,1,0,,vSri Lanka,Cardiff,12 Jun 2017,ODI # 3888
38*,38,45,84.44,2,1,,vEngland,Cardiff,14 Jun 2017,ODI # 3889
46,46,52,88.46,4,0,,vIndia,The Oval,18 Jun 2017,ODI # 3894
103,103,131,78.62,5,0,,vSri Lanka,Dubai (DICS),13 Oct 2017,ODI # 3922
101,101,133,75.93,6,0,,vSri Lanka,Abu Dhabi,16 Oct 2017,ODI # 3924
30,30,39,76.92,1,0,,vSri Lanka,Abu Dhabi,18 Oct 2017,ODI # 3926
69*,69,101,68.31,5,0,,vSri Lanka,Sharjah,20 Oct 2017,ODI # 3927
DNB,-,-,-,-,-,,vSri Lanka,Sharjah,23 Oct 2017,ODI # 3930
0,0,1,0.00,0,0,,vNew Zealand,Wellington,6 Jan 2018,ODI # 3946
10,10,17,58.82,2,0,,vNew Zealand,Nelson,9 Jan 2018,ODI # 3947
8,8,28,28.57,1,0,,vNew Zealand,Dunedin,13 Jan 2018,ODI # 3949
3,3,9,33.33,0,0,,vNew Zealand,Hamilton,16 Jan 2018,ODI # 3953
10,10,21,47.61,2,0,,vNew Zealand,Wellington,19 Jan 2018,ODI # 3957
30,30,34,88.23,3,0,,vZimbabwe,Bulawayo,13 Jul 2018,ODI # 4015
29*,29,36,80.55,1,0,,vZimbabwe,Bulawayo,16 Jul 2018,ODI # 4017
19*,19,34,55.88,3,0,,vZimbabwe,Bulawayo,18 Jul 2018,ODI # 4019
DNB,-,-,-,-,-,,vZimbabwe,Bulawayo,20 Jul 2018,ODI # 4020
106*,106,76,139.47,9,2,,vZimbabwe,Bulawayo,22 Jul 2018,ODI # 4021
33,33,36,91.66,3,1,,vHong Kong,Dubai (DICS),16 Sep 2018,ODI # 4037
47,47,62,75.80,6,0,,vIndia,Dubai (DICS),19 Sep 2018,ODI # 4040
66,66,94,70.21,4,1,,vAfghanistan,Abu Dhabi,21 Sep 2018,ODI # 4043
9,9,25,36.00,0,0,,vIndia,Dubai (DICS),23 Sep 2018,ODI # 4044
1,1,3,33.33,0,0,,vBangladesh,Abu Dhabi,26 Sep 2018,ODI # 4047
0,0,1,0.00,0,0,,vNew Zealand,Abu Dhabi,7 Nov 2018,ODI # 4066
46,46,50,92.00,5,0,,vNew Zealand,Abu Dhabi,9 Nov 2018,ODI # 4068
92,92,100,92.00,4,1,,vNew Zealand,Dubai (DICS),11 Nov 2018,ODI # 4070
49,49,69,71.01,5,0,,vSouth Africa,Gqeberha,19 Jan 2019,ODI # 4080
12,12,15,80.00,2,0,,vSouth Africa,Durban,22 Jan 2019,ODI # 4081
69,69,72,95.83,7,1,,vSouth Africa,Centurion,25 Jan 2019,ODI # 4084
41*,41,53,77.35,2,0,,vSouth Africa,Johannesburg,27 Jan 2019,ODI # 4087
24,24,25,96.00,4,0,,vSouth Africa,Cape Town,30 Jan 2019,ODI # 4090
16,16,20,80.00,3,0,,vEngland,The Oval,8 May 2019,ODI # 4130
51,51,52,98.07,1,0,,vEngland,Southampton,11 May 2019,ODI # 4133
15,15,11,136.36,3,0,,vEngland,Bristol,14 May 2019,ODI # 4135
115,115,112,102.67,13,1,,vEngland,Nottingham,17 May 2019,ODI # 4138
80,80,83,96.38,9,1,,vEngland,Leeds,19 May 2019,ODI # 4140
22,22,33,66.66,2,0,,vWest Indies,Nottingham,31 May 2019,ODI # 4144
63,63,66,95.45,4,1,,vEngland,Nottingham,3 Jun 2019,ODI # 4148
30,30,28,107.14,7,0,,vAustralia,Taunton,12 Jun 2019,ODI # 4157
48,48,57,84.21,3,1,,vIndia,Manchester,16 Jun 2019,ODI # 4161
69,69,80,86.25,7,0,,vSouth Africa,Lord's,23 Jun 2019,ODI # 4171
101*,101,127,79.52,11,0,,vNew Zealand,Birmingham,26 Jun 2019,ODI # 4174
45,45,51,88.23,5,0,,vAfghanistan,Leeds,29 Jun 2019,ODI # 4177
96,96,98,97.95,11,0,,vBangladesh,Lord's,5 Jul 2019,ODI # 4186
115,115,105,109.52,8,4,,vSri Lanka,Karachi,30 Sep 2019,ODI # 4211
31,31,26,119.23,2,0,,vSri Lanka,Karachi,2 Oct 2019,ODI # 4212
19,19,18,105.55,3,0,,vZimbabwe,Rawalpindi,30 Oct 2020,ODI # 4262
77*,77,74,104.05,7,2,,vZimbabwe,Rawalpindi,1 Nov 2020,ODI # 4263
125,125,125,100.00,13,1,,vZimbabwe,Rawalpindi,3 Nov 2020,ODI # 4264
103,103,104,99.03,17,0,,vSouth Africa,Centurion,2 Apr 2021,ODI # 4285
31,31,33,93.93,6,0,,vSouth Africa,Johannesburg,4 Apr 2021,ODI # 4286
94,94,82,114.63,7,3,,vSouth Africa,Centurion,7 Apr 2021,ODI # 4287
0,0,2,0.00,0,0,,vEngland,Cardiff,8 Jul 2021,ODI # 4299
19,19,15,126.66,4,0,,vEngland,Lord's,10 Jul 2021,ODI # 4300
158,158,139,113.66,14,4,,vEngland,Birmingham,13 Jul 2021,ODI # 4303
57,57,72,79.16,6,0,,vAustralia,Lahore,29 Mar 2022,ODI # 4379
114,114,83,137.34,11,1,,vAustralia,Lahore,31 Mar 2022,ODI # 4380
105*,105,115,91.30,12,0,,vAustralia,Lahore,2 Apr 2022,ODI # 4382
103,103,107,96.26,9,0,,vWest Indies,Multan,8 Jun 2022,ODI # 4401
77,77,93,82.79,5,1,,vWest Indies,Multan,10 Jun 2022,ODI # 4405
1,1,3,33.33,0,0,,vWest Indies,Multan,12 Jun 2022,ODI # 4407
74,74,85,87.05,6,1,,vNetherlands,Rotterdam,16 Aug 2022,ODI # 4448
57,57,65,87.69,7,0,,vNetherlands,Rotterdam,18 Aug 2022,ODI # 4452
91,91,125,72.80,7,2,,vNetherlands,Rotterdam,21 Aug 2022,ODI # 4455
66,66,82,80.48,5,1,,vNew Zealand,Karachi,9 Jan 2023,ODI # 4500
79,79,114,69.29,8,1,,vNew Zealand,Karachi,11 Jan 2023,ODI # 4502
4,4,13,30.76,1,0,,vNew Zealand,Karachi,13 Jan 2023,ODI # 4504
49,49,46,106.52,3,1,,vNew Zealand,Rawalpindi,27 Apr 2023,ODI # 4569
65,65,66,98.48,5,1,,vNew Zealand,Rawalpindi,29 Apr 2023,ODI # 4571
54,54,62,87.09,3,1,,vNew Zealand,Karachi,3 May 2023,ODI # 4573
107,107,117,91.45,10,0,,vNew Zealand,Karachi,5 May 2023,ODI # 4574
1,1,5,20.00,0,0,,vNew Zealand,Karachi,7 May 2023,ODI # 4575
0,0,3,0.00,0,0,,vAfghanistan,Hambantota,22 Aug 2023,ODI # 4625
53,53,66,80.30,6,0,,vAfghanistan,Hambantota,24 Aug 2023,ODI # 4626
60,60,86,69.76,4,1,,vAfghanistan,Colombo (RPS),26 Aug 2023,ODI # 4627
151,151,131,115.26,14,4,,vNepal,Multan,30 Aug 2023,ODI # 4628
TDNB,-,-,-,-,-,,vIndia,Pallekele,2 Sep 2023,ODI # 4630
17,17,22,77.27,1,0,,vBangladesh,Lahore,6 Sep 2023,ODI # 4634
10,10,24,41.66,2,0,,vIndia,Colombo (RPS),10 Sep 2023,ODI # 4639
29,29,35,82.85,3,0,,vSri Lanka,Colombo (RPS),14 Sep 2023,ODI # 4644
5,5,18,27.77,0,0,,vNetherlands,Hyderabad,6 Oct 2023,ODI # 4659
10,10,15,66.66,1,0,,vSri Lanka,Hyderabad,10 Oct 2023,ODI # 4665
50,50,58,86.20,7,0,,vIndia,Ahmedabad,14 Oct 2023,ODI # 4669
18,18,14,128.57,3,0,,vAustralia,Bengaluru,20 Oct 2023,ODI # 4675
74,74,92,80.43,4,1,,vAfghanistan,Chennai,23 Oct 2023,ODI # 4679
50,50,65,76.92,4,1,,vSouth Africa,Chennai,27 Oct 2023,ODI # 4683
9,9,16,56.25,1,0,,vBangladesh,Eden Gardens,31 Oct 2023,ODI # 4688
66*,66,63,104.76,6,2,,vNew Zealand,Bengaluru,4 Nov 2023,ODI # 4692
38,38,45,84.44,6,0,,vEngland,Eden Gardens,11 Nov 2023,ODI # 4701
