Overs,Mdns,Runs,Wkts,Econ,Ave,SR,,Opposition,Ground,Start Date,
4.0,0,27,0,6.75,-,-,,vWest Indies,Karachi,3 Apr 2018,T20I # 665
4.0,0,37,3,9.25,12.33,8.0,,vAustralia,Harare,5 Jul 2018,T20I # 686
4.0,0,32,1,8.00,32.00,24.0,,vAustralia,Harare,8 Jul 2018,T20I # 689
3.0,0,23,2,7.66,11.50,9.0,,vAustralia,Abu Dhabi,24 Oct 2018,T20I # 701
4.0,0,35,2,8.75,17.50,12.0,,vAustralia,Dubai (DICS),26 Oct 2018,T20I # 702
3.0,0,29,0,9.66,-,-,,vNew Zealand,Abu Dhabi,31 Oct 2018,T20I # 705
4.0,0,20,3,5.00,6.66,8.0,,vNew Zealand,Dubai (DICS),2 Nov 2018,T20I # 706
4.0,0,27,1,6.75,27.00,24.0,,vSouth Africa,Johannesburg,3 Feb 2019,T20I # 734
4.0,0,23,1,5.75,23.00,24.0,,vSouth Africa,Centurion,6 Feb 2019,T20I # 736
4.0,0,35,1,8.75,35.00,24.0,,vEngland,Cardiff,5 May 2019,T20I # 772
4.0,0,23,1,5.75,23.00,24.0,,vBangladesh,Lahore,24 Jan 2020,T20I # 1032
4.0,0,22,1,5.50,22.00,24.0,,vBangladesh,Lahore,25 Jan 2020,T20I # 1033
2.0,0,10,0,5.00,-,-,,vEngland,Manchester,28 Aug 2020,T20I # 1087
3.1,0,44,0,13.89,-,-,,vEngland,Manchester,30 Aug 2020,T20I # 1093
4.0,0,28,2,7.00,14.00,12.0,,vEngland,Manchester,1 Sep 2020,T20I # 1094
4.0,0,27,2,6.75,13.50,12.0,,vNew Zealand,Auckland,18 Dec 2020,T20I # 1117
4.0,0,38,0,9.50,-,-,,vNew Zealand,Hamilton,20 Dec 2020,T20I # 1118
4.0,0,43,2,10.75,21.50,12.0,,vNew Zealand,Napier,22 Dec 2020,T20I # 1119
4.0,0,37,0,9.25,-,-,,vSouth Africa,Lahore,11 Feb 2021,T20I # 1120
3.0,1,18,2,6.00,9.00,9.0,,vSouth Africa,Lahore,13 Feb 2021,T20I # 1121
4.0,0,28,0,7.00,-,-,,vSouth Africa,Lahore,14 Feb 2021,T20I # 1122
4.0,0,45,1,11.25,45.00,24.0,,vSouth Africa,Johannesburg,10 Apr 2021,T20I # 1145
3.0,0,30,0,10.00,-,-,,vSouth Africa,Johannesburg,12 Apr 2021,T20I # 1146
4.0,0,39,1,9.75,39.00,24.0,,vSouth Africa,Centurion,14 Apr 2021,T20I # 1147
4.0,0,19,1,4.75,19.00,24.0,,vSouth Africa,Centurion,16 Apr 2021,T20I # 1148
3.2,0,30,3,9.00,10.00,6.6,,vEngland,Nottingham,16 Jul 2021,T20I # 1191
3.5,0,28,1,7.30,28.00,23.0,,vEngland,Leeds,18 Jul 2021,T20I # 1193
1.0,0,16,0,16.00,-,-,,vEngland,Manchester,20 Jul 2021,T20I # 1195
2.0,0,20,0,10.00,-,-,,vWest Indies,Bridgetown,28 Jul 2021,T20I # 1205
4.0,0,44,1,11.00,44.00,24.0,,vWest Indies,Providence,31 Jul 2021,T20I # 1208
4.0,0,31,3,7.75,10.33,8.0,,vIndia,Dubai (DICS),24 Oct 2021,T20I # 1361
4.0,1,21,1,5.25,21.00,24.0,,vNew Zealand,Sharjah,26 Oct 2021,T20I # 1367
4.0,0,22,1,5.50,22.00,24.0,,vAfghanistan,Dubai (DICS),29 Oct 2021,T20I # 1377
4.0,0,36,0,9.00,-,-,,vNamibia,Abu Dhabi,2 Nov 2021,T20I # 1386
4.0,0,24,1,6.00,24.00,24.0,,vScotland,Sharjah,7 Nov 2021,T20I # 1406
4.0,0,35,1,8.75,35.00,24.0,,vAustralia,Dubai (DICS),11 Nov 2021,T20I # 1420
4.0,0,15,2,3.75,7.50,12.0,,vBangladesh,Mirpur,20 Nov 2021,T20I # 1443
4.0,0,35,1,8.75,35.00,24.0,,vWest Indies,Karachi,13 Dec 2021,T20I # 1448
4.0,0,26,3,6.50,8.66,8.0,,vWest Indies,Karachi,14 Dec 2021,T20I # 1449
4.0,0,21,2,5.25,10.50,12.0,,vAustralia,Lahore,5 Apr 2022,T20I # 1504
4.0,0,34,0,8.50,-,-,,vIndia,Melbourne,23 Oct 2022,T20I # 1842
4.0,0,29,0,7.25,-,-,,vZimbabwe,Perth,27 Oct 2022,T20I # 1849
4.0,0,19,1,4.75,19.00,24.0,,vNetherlands,Perth,30 Oct 2022,T20I # 1852
3.0,0,14,3,4.66,4.66,6.0,,vSouth Africa,Sydney,3 Nov 2022,T20I # 1861
4.0,0,22,4,5.50,5.50,6.0,,vBangladesh,Adelaide,6 Nov 2022,T20I # 1872
4.0,0,24,2,6.00,12.00,12.0,,vNew Zealand,Sydney,9 Nov 2022,T20I # 1877
2.1,0,13,1,6.00,13.00,13.0,,vEngland,Melbourne,13 Nov 2022,T20I # 1879
2.0,0,11,1,5.50,11.00,12.0,,vNew Zealand,Lahore,14 Apr 2023,T20I # 2045
4.0,0,25,0,6.25,-,-,,vNew Zealand,Lahore,15 Apr 2023,T20I # 2046
4.0,0,33,2,8.25,16.50,12.0,,vNew Zealand,Lahore,17 Apr 2023,T20I # 2047
4.0,0,40,1,10.00,40.00,24.0,,vNew Zealand,Rawalpindi,20 Apr 2023,T20I # 2048
4.0,0,48,2,12.00,24.00,12.0,,vNew Zealand,Rawalpindi,24 Apr 2023,T20I # 2049
4.0,0,46,3,11.50,15.33,8.0,,vNew Zealand,Auckland,12 Jan 2024,T20I # 2429
4.0,0,30,0,7.50,-,-,,vNew Zealand,Hamilton,14 Jan 2024,T20I # 2430
4.0,0,43,1,10.75,43.00,24.0,,vNew Zealand,Dunedin,17 Jan 2024,T20I # 2434
4.0,0,34,3,8.50,11.33,8.0,,vNew Zealand,Christchurch,19 Jan 2024,T20I # 2437
3.2,0,20,2,6.00,10.00,10.0,,vNew Zealand,Christchurch,21 Jan 2024,T20I # 2438
0.2,0,0,1,0.00,0.00,2.0,,vNew Zealand,Rawalpindi,18 Apr 2024,T20I # 2575
3.1,0,13,3,4.10,4.33,6.3,,vNew Zealand,Rawalpindi,20 Apr 2024,T20I # 2579
3.2,0,37,0,11.10,-,-,,vNew Zealand,Rawalpindi,21 Apr 2024,T20I # 2581
4.0,0,30,4,7.50,7.50,6.0,,vNew Zealand,Lahore,27 Apr 2024,T20I # 2583
4.0,0,26,1,6.50,26.00,24.0,,vIreland,Dublin,10 May 2024,T20I # 2601
4.0,0,49,3,12.25,16.33,8.0,,vIreland,Dublin,12 May 2024,T20I # 2609
4.0,0,14,3,3.50,4.66,8.0,,vIreland,Dublin,14 May 2024,T20I # 2610
4.0,0,36,3,9.00,12.00,8.0,,vEngland,Birmingham,25 May 2024,T20I # 2623
3.0,0,20,0,6.66,-,-,,vEngland,The Oval,30 May 2024,T20I # 2631
4.0,0,33,0,8.25,-,-,,vU.S.A.,Dallas,6 Jun 2024,T20I # 2642
4.0,0,29,1,7.25,29.00,24.0,,vIndia,New York,9 Jun 2024,T20I # 2658
4.0,0,21,1,5.25,21.00,24.0,,vCanada,New York,11 Jun 2024,T20I # 2665
4.0,0,22,3,5.50,7.33,8.0,,vIreland,Lauderhill,16 Jun 2024,T20I # 2697
